,City,Cloudiness,Country,Date,Humidity,Lat,Lng,Max Temp,Wind Speed
0,atuona,20,PF,1532385154,100,-9.8,-139.03,79.85,22.08
1,mazatlan,40,MX,1532382180,56,23.22,-106.42,93.2,11.41
2,whitehorse,40,CA,1532383200,22,60.72,-135.06,80.6,9.17
3,victoria,75,BN,1532383200,94,5.28,115.24,80.6,4.41
4,suntar,68,RU,1532385155,84,62.16,117.65,56.63,3.29
5,bazarnyy karabulak,32,RU,1532385155,78,52.28,46.41,62.93,13.69
6,grants pass,90,US,1532384340,35,42.44,-123.33,98.6,2.39
7,tingo maria,68,PE,1532385156,94,-9.29,-76.01,62.75,1.61
8,punta arenas,75,CL,1532383200,70,-53.16,-70.91,44.6,34.45
9,rikitea,92,PF,1532385157,100,-23.12,-134.97,74.18,17.27
10,hasaki,75,JP,1532384340,94,35.73,140.83,78.8,5.82
11,khatanga,0,RU,1532385157,76,71.98,102.47,45.38,3.96
12,batemans bay,0,AU,1532385158,73,-35.71,150.18,58.34,4.18
13,amahai,88,ID,1532385158,100,-3.31,129.0,78.32,8.32
14,yuza,75,JP,1532383200,83,39.05,139.95,77.0,4.7
15,wuwei,0,CN,1532385159,79,37.93,102.64,60.95,2.51
16,avarua,75,CK,1532383200,73,-21.21,-159.78,77.0,3.36
17,kapaa,75,US,1532383560,94,22.08,-159.32,82.4,12.75
18,barrow,0,AR,1532385160,77,-38.31,-60.23,29.9,2.84
19,sijunjung,80,ID,1532385160,94,-0.69,100.95,70.31,2.95
20,longyearbyen,75,NO,1532382600,70,78.22,15.63,48.2,6.93
21,bluff,0,AU,1532385161,71,-23.58,149.07,64.73,4.63
22,busselton,92,AU,1532385113,100,-33.64,115.35,62.3,14.47
23,yulara,40,AU,1532383200,61,-25.24,130.99,48.2,5.82
24,arraial do cabo,0,BR,1532379600,83,-22.97,-42.02,73.4,8.05
25,puerto ayora,90,EC,1532383200,69,-0.74,-90.35,77.0,17.22
26,bosaso,20,SO,1532385162,82,11.28,49.18,89.3,16.37
27,mataura,20,NZ,1532385163,93,-46.19,168.86,44.48,7.99
28,nishihara,75,JP,1532384400,94,35.74,139.53,80.6,3.36
29,chateaudun,0,FR,1532383200,64,48.08,1.33,69.8,1.12
30,pisco,90,PE,1532383200,82,-13.71,-76.2,64.4,11.41
31,saskylakh,56,RU,1532385164,78,71.97,114.09,36.65,6.64
32,yellowknife,75,CA,1532383200,40,62.45,-114.38,68.0,3.36
33,keetmanshoop,0,NA,1532385165,49,-26.57,18.15,53.48,9.78
34,saint-leu,0,RE,1532383200,72,-21.15,55.28,68.0,19.46
35,airai,0,TL,1532385166,53,-8.93,125.41,69.41,2.39
36,hobart,40,AU,1532383200,57,-42.88,147.33,50.0,9.17
37,kijang,0,KR,1532383200,79,35.24,129.21,84.2,3.18
38,tessaoua,32,NE,1532385167,90,13.76,7.99,73.46,9.66
39,tasiilaq,0,GL,1532382600,95,65.61,-37.64,50.0,5.82
40,katsuura,75,JP,1532383200,88,33.93,134.5,82.4,6.93
41,bredasdorp,24,ZA,1532383200,87,-34.53,20.04,50.0,3.36
42,sao jose da coroa grande,92,BR,1532385168,98,-8.9,-35.15,72.56,8.32
43,port blair,92,IN,1532385168,100,11.67,92.75,81.47,18.84
44,chernyshevskiy,0,RU,1532385169,69,63.01,112.47,53.57,3.29
45,ushuaia,40,AR,1532383200,60,-54.81,-68.31,42.8,18.95
46,tiksi,80,RU,1532385169,79,71.64,128.87,42.86,10.45
47,broken hill,0,AU,1532385170,60,-31.97,141.45,55.19,9.78
48,port alfred,20,ZA,1532385110,56,-33.59,26.89,70.94,11.68
49,torbay,90,CA,1532383200,100,47.66,-52.73,68.0,21.92
50,tautira,20,PF,1532383200,62,-17.73,-149.15,84.2,6.93
51,cape town,0,ZA,1532383200,87,-33.93,18.42,55.4,6.93
52,hermanus,20,ZA,1532385172,49,-34.42,19.24,64.1,5.53
53,mahebourg,75,MU,1532383200,60,-20.41,57.7,71.6,18.34
54,saint-francois,0,FR,1532383200,72,46.42,3.91,64.4,2.62
55,saint anthony,1,US,1532382960,14,43.97,-111.68,87.8,8.05
56,umm kaddadah,8,SD,1532385173,68,13.6,26.69,78.5,12.24
57,chuy,20,UY,1532385173,83,-33.69,-53.46,47.54,15.59
58,castro,0,CL,1532385174,100,-42.48,-73.76,38.0,3.4
59,lasa,0,CY,1532383200,60,34.92,32.53,82.4,3.36
60,kupang,20,ID,1532381400,68,-10.16,123.6,71.6,11.41
61,georgetown,20,GY,1532383200,78,6.8,-58.16,82.4,13.87
62,severo-kurilsk,88,RU,1532385130,96,50.68,156.12,52.94,9.44
63,chumikan,92,RU,1532385176,99,54.72,135.31,53.21,3.4
64,meulaboh,68,ID,1532385176,100,4.14,96.13,78.32,3.18
65,carnarvon,8,ZA,1532385176,56,-30.97,22.13,48.44,11.34
66,guerrero negro,0,MX,1532385177,60,27.97,-114.04,81.47,11.9
67,vodnyy,0,RU,1532385177,69,63.51,53.41,57.08,5.19
68,mayo,40,CA,1532383200,32,63.59,-135.9,80.6,3.36
69,cidreira,100,BR,1532385178,100,-30.17,-50.22,52.67,8.66
70,trogir,0,HR,1532383200,57,43.52,16.25,75.2,4.7
71,klaksvik,92,FO,1532382600,100,62.23,-6.59,50.0,8.05
72,zhigansk,44,RU,1532385179,57,66.77,123.37,56.27,7.99
73,lagoa,0,PT,1532383200,64,37.14,-8.45,69.8,10.29
74,lewiston,1,US,1532382960,13,46.42,-117.02,95.0,5.82
75,qaanaaq,24,GL,1532385116,100,77.48,-69.36,35.03,3.4
76,pacific grove,1,US,1532382900,72,36.62,-121.92,86.0,12.75
77,bethel,40,US,1532382780,59,60.79,-161.76,66.2,5.82
78,dikson,100,RU,1532385182,89,73.51,80.55,47.63,21.07
79,ostrovnoy,24,RU,1532385182,72,68.05,39.51,68.78,12.68
80,belyy yar,0,RU,1532383200,88,53.6,91.39,66.2,6.71
81,shingu,12,JP,1532385183,87,33.72,135.99,84.98,1.05
82,gafanha da encarnacao,40,PT,1532383200,88,40.62,-8.73,66.2,8.05
83,kieta,88,PG,1532385183,100,-6.22,155.63,79.4,2.62
84,tawau,75,MY,1532383200,94,4.26,117.89,75.2,2.95
85,rio cuarto,0,AR,1532383200,33,-33.13,-64.35,42.8,5.82
86,minot,1,US,1532382960,26,48.23,-101.3,82.4,12.75
87,nikolskoye,88,RU,1532383200,94,59.7,30.79,69.8,2.73
88,bonfim,0,BR,1532379600,49,-20.33,-44.24,69.8,9.17
89,saint-philippe,90,CA,1532383200,74,45.36,-73.48,80.6,10.29
90,inhambane,92,MZ,1532385186,92,-23.87,35.38,68.24,10.67
91,mabaruma,56,GY,1532385187,89,8.2,-59.78,79.76,7.65
92,prado,44,BR,1532385187,98,-17.34,-39.22,75.89,15.7
93,victoria point,0,AU,1532383200,87,-27.58,153.3,62.6,8.05
94,portland,20,US,1532382780,24,45.52,-122.67,93.2,10.29
95,grand-santi,48,GF,1532385188,88,4.27,-54.38,76.7,4.97
96,sayyan,48,YE,1532385189,97,15.17,44.32,51.95,1.5
97,iskateley,0,RU,1532385189,60,67.68,53.15,63.11,11.23
98,juneau,20,US,1532382960,47,58.3,-134.42,75.2,9.17
99,hithadhoo,92,MV,1532385189,100,-0.6,73.08,77.69,9.22
100,san carlos de bariloche,0,AR,1532383200,69,-41.13,-71.31,33.8,1.72
101,tias,20,ES,1532383200,78,28.96,-13.65,71.6,14.99
102,vostok,12,RU,1532385191,99,46.45,135.83,70.58,2.73
103,demyansk,0,RU,1532385191,89,57.64,32.46,62.48,6.2
104,albany,75,US,1532384280,78,42.65,-73.75,78.8,9.17
105,kalabo,0,ZM,1532385192,62,-15.0,22.67,59.33,11.45
106,pangnirtung,75,CA,1532383200,75,66.15,-65.72,46.4,20.8
107,tual,88,ID,1532385192,99,-5.67,132.75,79.13,12.46
108,vaini,92,IN,1532385193,98,15.34,74.49,70.58,6.98
109,mangrol,92,IN,1532385193,99,25.33,76.51,74.0,7.99
110,smithers,75,CA,1532383200,35,54.78,-127.17,73.4,2.24
111,soligalich,88,RU,1532385194,66,59.08,42.29,63.38,8.21
112,san policarpo,80,PH,1532385194,96,12.18,125.51,82.55,14.14
113,kodiak,1,US,1532382780,45,39.95,-94.76,86.0,11.41
114,kununurra,0,AU,1532383200,81,-15.77,128.74,51.8,2.24
115,sao felix do xingu,76,BR,1532385195,47,-6.64,-51.99,85.25,3.74
116,pevek,56,RU,1532385196,60,69.7,170.27,60.32,20.51
117,ankang,0,CN,1532385196,70,32.73,108.99,79.13,2.62
118,san borja,0,BO,1532385196,61,-14.86,-66.75,74.18,4.85
119,chaman,0,AF,1532385197,32,30.92,66.46,61.85,2.73
120,agadez,12,NE,1532385197,35,16.97,7.99,81.65,7.87
121,east london,32,ZA,1532385197,89,-33.02,27.91,71.57,12.46
122,shemonaikha,36,KZ,1532385198,92,50.63,81.92,47.9,3.62
123,ust-nera,64,RU,1532385198,72,64.57,143.24,57.71,2.62
124,faanui,36,PF,1532385198,98,-16.48,-151.75,80.57,12.91
125,bathsheba,40,BB,1532383200,74,13.22,-59.52,82.4,20.8
126,ucluelet,5,CA,1532383200,82,48.94,-125.55,62.6,8.05
127,mattru,100,SL,1532385199,93,7.62,-11.83,74.0,3.4
128,iqaluit,40,CA,1532383200,61,63.75,-68.52,48.2,19.46
129,lebu,75,ET,1532383200,93,8.96,38.73,57.2,4.7
130,padang,80,ID,1532385201,100,-0.92,100.36,79.85,1.05
131,bekhtery,32,UA,1532385201,93,46.25,32.3,69.95,5.3
132,haines junction,0,CA,1532385201,26,60.75,-137.51,72.74,4.29
133,santiago,0,CL,1532383200,19,-33.44,-70.65,59.0,1.39
134,okha,8,RU,1532385202,89,53.59,142.95,59.15,8.21
135,geraldton,75,CA,1532383200,47,49.72,-86.95,80.6,2.24
136,trinidad,0,UY,1532379600,65,-33.52,-56.9,46.4,9.17
137,lazaro cardenas,5,MX,1532382180,17,28.39,-105.62,100.4,10.29
138,fortuna,0,ES,1532383200,73,38.18,-1.13,75.2,3.36
139,narsaq,40,GL,1532382600,33,60.91,-46.05,62.6,3.36
140,nalut,0,LY,1532385204,37,31.86,10.98,81.29,8.1
141,butaritari,32,KI,1532385205,100,3.07,172.79,83.09,6.76
142,yaval,92,IN,1532385205,95,21.17,75.7,74.9,10.22
143,san quintin,75,PH,1532383200,100,17.54,120.52,77.0,4.7
144,codrington,0,AU,1532385206,74,-28.95,153.24,59.87,3.74
145,chokurdakh,80,RU,1532385206,85,70.62,147.9,45.2,17.72
146,tihuatlan,5,MX,1532382120,53,20.72,-97.54,95.0,9.17
147,kruisfontein,8,ZA,1532385207,48,-34.0,24.73,69.5,11.9
148,bilma,0,NE,1532385110,17,18.69,12.92,76.61,3.96
149,amga,80,RU,1532385207,74,60.89,131.98,60.32,3.62
150,esperance,75,TT,1532383200,88,10.24,-61.45,80.6,6.93
151,hilo,90,US,1532382960,78,19.71,-155.08,80.6,10.29
152,caiaponia,0,BR,1532385208,38,-16.96,-51.81,73.64,11.45
153,namatanai,32,PG,1532385208,100,-3.66,152.44,81.56,15.37
154,namibe,0,AO,1532385209,98,-15.19,12.15,66.98,12.46
155,thompson,90,CA,1532383200,93,55.74,-97.86,62.6,2.24
156,kahului,40,US,1532384040,55,20.89,-156.47,91.4,12.75
157,veraval,0,FR,1532383200,72,49.65,0.71,66.2,5.82
158,srandakan,12,ID,1532385210,84,-7.94,110.25,71.93,3.74
159,pljevlja,90,ME,1532383200,100,43.36,19.36,59.0,9.17
160,tigre,0,AR,1532383200,66,-34.42,-58.58,48.2,6.64
161,bairnsdale,0,AU,1532385211,68,-37.83,147.63,55.19,8.1
162,campbell river,20,CA,1532383200,35,50.02,-125.24,84.2,6.93
163,honningsvag,75,NO,1532382600,76,70.98,25.97,55.4,13.87
164,sisimiut,80,GL,1532385212,70,66.94,-53.67,45.29,7.43
165,clyde river,75,CA,1532383200,83,70.47,-68.59,35.6,40.26
166,vila velha,0,BR,1532383200,74,-3.71,-38.6,78.8,9.17
167,ancud,0,CL,1532385213,87,-41.87,-73.83,36.83,4.63
168,camopi,56,GF,1532385213,91,3.17,-52.33,75.35,2.62
169,shimoda,88,JP,1532385214,90,34.7,138.93,80.12,8.32
170,trincomalee,0,LK,1532385214,81,8.58,81.23,78.68,13.47
171,emporia,1,US,1532382780,36,38.4,-96.18,91.4,13.87
172,nador,68,MA,1532383200,88,35.17,-2.93,73.4,4.7
173,srednekolymsk,68,RU,1532385215,70,67.46,153.71,67.25,3.29
174,cabo san lucas,5,MX,1532382720,39,22.89,-109.91,98.6,4.7
175,killybegs,92,IE,1532385216,100,54.63,-8.45,57.17,4.29
176,chara,75,GR,1532382600,56,39.42,22.43,73.4,9.17
177,axim,64,GH,1532385216,97,4.87,-2.24,77.96,11.68
178,labuhan,88,ID,1532385217,88,-2.54,115.51,75.35,3.18
179,sao filipe,68,CV,1532385217,96,14.9,-24.5,76.97,6.64
180,sitka,32,US,1532385217,41,37.17,-99.65,92.36,8.55
181,egvekinot,36,RU,1532385218,71,66.32,-179.17,58.43,4.85
182,monte patria,0,CL,1532385218,78,-30.69,-70.96,40.97,1.72
183,mirnyy,44,RU,1532385218,85,56.57,36.46,62.93,10.45
184,quatre cocos,75,MU,1532383200,60,-20.21,57.76,71.6,18.34
185,sungairaya,36,ID,1532385219,86,0.7,108.9,80.57,4.74
186,vardo,75,US,1532382900,83,39.62,-77.74,82.4,6.93
187,belmonte,0,PT,1532385220,91,40.36,-7.35,58.88,2.73
188,tuktoyaktuk,20,CA,1532383200,60,69.44,-133.03,75.2,13.87
189,mizan teferi,76,ET,1532385221,71,6.99,35.58,65.99,2.28
190,malindi,92,KE,1532385221,92,-3.22,40.12,74.63,20.29
191,sioux lookout,75,CA,1532383200,44,50.1,-91.92,80.6,8.05
192,asadabad,76,IR,1532385222,62,34.78,48.12,57.71,1.95
193,bougouni,8,ML,1532385222,94,11.42,-7.49,71.84,7.87
194,rockingham,0,GB,1532384400,68,52.52,-0.72,73.4,10.29
195,coahuayana,36,MX,1532385223,41,18.62,-100.35,86.87,2.39
196,along,56,IN,1532385223,93,28.17,94.8,69.05,1.72
197,grand gaube,75,MU,1532383200,60,-20.01,57.66,71.6,18.34
198,jamestown,0,AU,1532385224,62,-33.21,138.6,53.57,14.81
199,kavieng,12,PG,1532385019,100,-2.57,150.8,82.73,7.2
200,aksarka,0,RU,1532385224,58,66.56,67.8,67.43,4.52
201,fayaoue,0,NC,1532385225,100,-20.65,166.53,71.03,11.9
202,tomatlan,88,MX,1532385225,91,19.93,-105.25,79.85,3.06
203,praia,0,BR,1532383200,59,-20.25,-43.81,69.8,8.05
204,ilulissat,75,GL,1532382600,76,69.22,-51.1,50.0,13.87
205,faya,0,SA,1532383200,68,18.39,42.45,68.0,3.36
206,izumo,0,JP,1532383200,74,35.37,132.75,84.2,4.7
207,banda aceh,8,ID,1532385227,96,5.56,95.32,75.62,3.96
208,washougal,1,US,1532382780,26,45.58,-122.35,93.2,6.93
209,yatou,75,CM,1532383200,94,3.63,9.81,78.8,2.24
210,bambous virieux,75,MU,1532383200,60,-20.34,57.76,71.6,18.34
211,xuddur,56,SO,1532385229,71,4.12,43.89,71.3,13.58
212,new norfolk,40,AU,1532383200,57,-42.78,147.06,50.0,9.17
213,san patricio,92,PY,1532385229,80,-26.98,-56.83,54.65,8.1
214,port hawkesbury,1,CA,1532383200,61,45.62,-61.36,82.4,11.41
215,ribeira grande,44,PT,1532385230,100,38.52,-28.7,71.3,16.04
216,ketchikan,1,US,1532383140,64,55.34,-131.65,71.6,8.05
217,roebourne,0,AU,1532385231,46,-20.77,117.15,59.06,4.63
218,shubarshi,0,KZ,1532385231,45,48.59,57.19,57.62,10.67
219,nanortalik,0,GL,1532385231,95,60.14,-45.24,39.8,3.74
220,provideniya,90,RU,1532383200,93,64.42,-173.23,51.8,2.24
221,cape coast,80,GH,1532385232,88,5.11,-1.24,75.62,6.08
222,nouadhibou,44,MR,1532383200,77,20.93,-17.03,69.8,12.75
223,yeppoon,20,AU,1532383200,93,-23.13,150.74,53.6,2.24
224,bundi,92,IN,1532385232,98,25.44,75.64,73.73,3.18
225,cherskiy,76,RU,1532385233,36,68.75,161.3,71.21,10.0
226,takoradi,92,GH,1532385233,97,4.89,-1.75,77.06,8.77
227,iberia,0,PE,1532385233,73,-11.41,-69.49,74.81,3.62
228,bud,92,NO,1532384400,93,62.91,6.91,59.0,2.24
229,shizuishan,0,CN,1532385234,97,39.02,106.36,62.75,3.29
230,sukhobezvodnoye,88,RU,1532385234,50,57.05,44.89,63.83,7.09
231,cayenne,90,GF,1532383200,94,4.94,-52.33,78.8,4.7
232,saint-georges,80,CA,1532385235,77,46.12,-70.67,74.36,4.97
233,omboue,88,GA,1532385236,100,-1.57,9.26,72.74,10.45
234,mar del plata,0,AR,1532385236,58,-46.43,-67.52,47.63,14.7
235,vung tau,40,VN,1532381400,100,10.35,107.08,80.6,9.17
236,makakilo city,40,US,1532383020,74,21.35,-158.09,86.0,9.17
237,belle fourche,1,US,1532382900,38,44.67,-103.85,80.6,13.87
238,havre-saint-pierre,40,CA,1532383200,88,50.23,-63.6,64.4,12.75
239,shache,0,CN,1532385239,58,38.42,77.24,76.25,1.72
240,kloulklubed,90,PW,1532382720,88,7.04,134.26,78.8,3.36
241,cururupu,12,BR,1532385239,86,-1.82,-44.87,78.5,3.96
242,lar,0,IR,1532379600,26,27.66,54.32,91.4,1.83
243,poum,80,MK,1532385240,100,41.28,20.71,54.92,1.95
244,primorsk,8,RU,1532385241,98,60.37,28.62,66.62,3.4
245,sholokhovskiy,20,RU,1532385241,90,48.28,41.05,65.63,2.84
246,caravelas,8,BR,1532385241,100,-17.73,-39.27,75.71,15.03
247,payo,0,ID,1532385242,88,-3.75,103.64,74.18,4.29
248,mocuba,36,MZ,1532385242,88,-16.84,36.99,63.02,6.08
249,meadow lake,75,CA,1532383200,63,54.13,-108.44,62.6,16.11
250,isangel,0,VU,1532385243,100,-19.55,169.27,71.57,13.47
251,berlevag,75,NO,1532382600,76,70.86,29.09,55.4,13.87
252,san juan,0,AR,1532385182,59,-31.54,-68.53,31.43,2.17
253,lashio,92,MM,1532385245,99,22.93,97.75,68.15,2.17
254,saldanha,0,PT,1532385245,79,41.42,-6.55,62.39,3.96
255,aykino,0,RU,1532385245,77,62.22,49.99,56.45,2.84
256,mporokoso,0,ZM,1532385246,63,-9.37,30.12,56.27,12.68
257,ahipara,44,NZ,1532385246,99,-35.17,173.16,53.39,3.96
258,haapiti,20,PF,1532383200,62,-17.57,-149.87,84.2,6.93
259,nome,1,US,1532384100,47,30.04,-94.42,98.6,9.17
260,limon,20,US,1532382900,64,39.26,-103.69,73.4,12.75
261,dingle,12,PH,1532385247,87,11.0,122.67,82.01,8.99
262,saint george,75,GR,1532382600,56,39.45,22.34,73.4,9.17
263,ibra,64,OM,1532385248,58,22.69,58.55,81.56,1.95
264,inuvik,20,CA,1532383200,30,68.36,-133.71,86.0,11.41
265,paita,0,PE,1532379600,83,-5.09,-81.11,75.2,13.87
266,kiama,0,AU,1532379600,65,-34.67,150.86,46.4,4.7
267,tuatapere,8,NZ,1532385249,100,-46.13,167.69,42.68,11.68
268,cornwall,1,CA,1532384100,62,45.02,-74.73,87.8,6.93
269,colesberg,24,ZA,1532385250,82,-30.72,25.1,39.71,5.19
270,shelby,1,US,1532382960,18,48.51,-111.86,82.4,3.4
271,huanren,20,CN,1532385251,83,41.26,125.37,80.3,2.95
272,solnechnyy,36,RU,1532385251,80,50.72,136.64,74.72,3.62
273,vestmannaeyjar,80,IS,1532385252,100,63.44,-20.27,48.8,5.19
274,port elizabeth,90,US,1532384280,78,39.31,-74.98,80.6,10.29
275,upernavik,80,GL,1532385252,92,72.79,-56.15,40.07,11.9
276,carnduff,0,CA,1532385252,33,49.17,-101.8,76.52,16.04
277,warwick,75,US,1532382960,83,41.7,-71.42,84.2,11.41
278,lata,76,IN,1532385253,100,30.78,78.62,60.32,1.05
279,loa janan,80,ID,1532385253,87,-0.58,117.09,80.12,2.95
280,lisala,88,CD,1532385254,94,2.15,21.52,72.02,2.62
281,tabou,64,CI,1532385254,100,4.42,-7.36,78.41,10.11
282,kuvandyk,0,RU,1532385254,83,51.48,57.35,51.32,4.97
283,verkhovye,92,RU,1532385255,100,52.81,37.24,64.1,7.99
284,beloha,0,MG,1532385255,74,-25.17,45.06,60.86,9.89
285,constitucion,40,MX,1532382120,15,23.99,-104.67,89.6,3.36
286,port hardy,75,CA,1532383200,82,50.7,-127.42,60.8,9.17
287,olden,75,NO,1532380800,100,61.84,6.81,59.0,3.36
288,severnoye,12,RU,1532385256,88,54.09,52.54,51.32,3.18
289,mombetsu,0,JP,1532385257,88,44.35,143.35,59.87,2.17
290,antofagasta,90,CL,1532383200,71,-23.65,-70.4,57.2,8.05
291,boksitogorsk,0,RU,1532385257,85,59.47,33.85,63.92,3.4
292,gold coast,0,AU,1532383200,67,-28.0,153.41,62.6,8.05
293,khani,40,GE,1532383200,94,41.96,42.96,69.8,4.7
294,goderich,56,CA,1532385258,83,43.74,-81.71,73.91,5.97
295,kavaratti,92,IN,1532385259,96,10.57,72.64,82.64,24.76
296,hofn,92,IS,1532385259,100,64.25,-15.21,48.53,6.42
297,olinda,75,EC,1532383200,65,-2.03,-79.75,78.8,2.24
298,bemidji,40,US,1532384100,47,47.48,-94.89,78.8,14.99
299,gisborne,56,NZ,1532385260,66,-38.66,178.02,52.94,4.63
300,mehamn,75,NO,1532382600,76,71.03,27.85,55.4,13.87
301,college,1,US,1532383080,30,64.86,-147.8,80.6,4.63
302,staszow,0,PL,1532385261,65,50.56,21.17,70.67,12.24
303,itoman,20,JP,1532383200,88,26.12,127.67,82.4,5.82
304,san angelo,1,US,1532382660,14,31.46,-100.44,107.6,4.7
305,cascais,20,PT,1532383200,82,38.7,-9.42,66.2,5.82
306,taft,80,PH,1532385262,96,11.9,125.42,82.55,14.14
307,ekhabi,8,RU,1532385262,89,53.51,142.97,59.15,8.21
308,fereydun kenar,90,IR,1532383200,94,36.69,52.52,77.0,6.93
309,komsomolskiy,0,RU,1532385263,62,67.55,63.78,66.17,3.74
310,camacha,20,PT,1532383200,77,33.08,-16.33,71.6,5.82
311,rorvik,32,NO,1532385264,97,64.86,11.24,55.82,5.41
312,betare oya,80,CM,1532385264,98,5.6,14.08,66.8,2.17
313,palana,36,RU,1532385264,67,59.08,159.95,64.73,3.62
314,baruun-urt,92,MN,1532385264,100,46.68,113.28,59.78,9.66
315,payyannur,92,IN,1532385265,100,12.1,75.2,75.89,5.86
316,escanaba,75,US,1532382960,65,45.75,-87.06,77.0,9.17
317,waingapu,0,ID,1532385266,79,-9.65,120.26,71.12,7.54
318,chapleau,75,CA,1532383200,78,47.85,-83.4,73.4,3.36
319,bonito,68,BR,1532385266,56,-21.13,-56.49,76.43,9.44
320,lerwick,88,GB,1532384400,87,60.15,-1.15,53.6,9.17
321,abha,0,SA,1532383200,68,18.22,42.5,68.0,3.36
322,port hedland,75,AU,1532383200,87,-20.31,118.58,60.8,3.18
323,mount barker,75,AU,1532383200,87,-35.06,138.86,53.6,17.22
324,porto novo,0,BR,1532383200,53,-23.68,-45.44,71.6,3.36
325,buchloe,75,DE,1532384400,82,48.04,10.72,66.2,1.12
326,salalah,75,OM,1532382600,88,17.01,54.1,78.8,4.7
327,avera,40,US,1532382900,54,33.19,-82.53,87.8,8.05
328,los llanos de aridane,12,ES,1532383200,68,28.66,-17.92,71.6,12.75
329,saint-pierre,0,FR,1532383200,56,48.95,4.24,73.4,5.82
330,igra,0,RU,1532385271,81,57.55,53.1,53.48,2.84
331,saint-joseph,0,FR,1532383200,78,43.56,6.97,75.2,3.36
332,alofi,90,NU,1532383200,83,-19.06,-169.92,75.2,4.7
333,viedma,0,AR,1532385272,80,-40.81,-62.99,35.57,7.76
334,palaikastron,36,GR,1532385272,87,35.2,26.25,81.02,12.91
335,port moresby,8,PG,1532385272,95,-9.47,147.16,77.15,17.49
336,kirensk,0,RU,1532385273,81,57.78,108.12,53.48,3.4
337,tuensang,92,IN,1532385273,98,26.24,94.81,68.24,1.72
338,kaitangata,56,NZ,1532385273,90,-46.28,169.85,44.39,8.77
339,macas,48,EC,1532385274,89,-2.3,-78.12,64.55,3.4
340,villamontes,8,BO,1532385274,58,-21.26,-63.47,48.08,6.08
341,tura,92,IN,1532385274,99,25.52,90.21,74.72,3.18
342,lorengau,80,PG,1532385275,100,-2.02,147.27,82.55,4.29
343,malanje,0,AO,1532385275,62,-9.54,16.35,56.99,6.64
344,talnakh,0,RU,1532385275,68,69.49,88.39,45.47,10.67
345,beli potok,40,RS,1532383200,94,44.71,20.52,68.0,8.05
346,lircay,75,PE,1532383200,49,-12.99,-74.72,68.0,8.05
347,san carlos,75,VE,1532379600,70,9.66,-68.59,87.8,3.06
348,tazovskiy,8,RU,1532385277,37,67.47,78.7,54.47,6.08
349,cervo,0,BR,1532385278,84,-22.19,-46.24,53.66,2.39
350,mae sai,90,MM,1532379600,100,20.44,99.89,75.2,2.24
351,angoche,20,MZ,1532385278,97,-16.23,39.91,77.78,13.02
352,havoysund,40,NO,1532384400,87,71.0,24.66,51.8,5.82
353,siddapur,92,IN,1532385279,100,13.66,74.91,70.4,3.4
354,springbok,0,ZA,1532385221,51,-29.67,17.88,47.18,4.74
355,ginir,0,ET,1532385279,81,7.14,40.71,59.24,11.01
356,port-gentil,40,GA,1532383200,94,-0.72,8.78,73.4,10.29
357,zhuhai,0,CN,1532383200,94,40.71,112.04,68.0,4.47
358,douglas,1,US,1532382960,15,31.34,-109.55,102.2,9.17
359,dunedin,92,NZ,1532385121,100,-45.87,170.5,40.88,3.96
360,husavik,36,CA,1532385281,73,50.56,-96.99,70.94,13.8
361,matay,0,EG,1532385282,48,28.42,30.79,76.07,7.31
362,nelson bay,0,AU,1532383200,66,-32.72,152.14,48.2,2.24
363,imeni poliny osipenko,88,RU,1532385282,86,52.42,136.49,67.25,5.08
364,little current,75,CA,1532383200,73,45.98,-81.93,77.0,6.93
365,leningradskiy,36,RU,1532385283,58,69.38,178.42,54.65,8.43
366,lompoc,1,US,1532382960,73,34.64,-120.46,82.4,17.22
367,touros,44,BR,1532385284,87,-5.2,-35.46,75.71,16.04
368,baykit,88,RU,1532385284,97,61.68,96.39,54.2,5.41
369,pinawa,68,CA,1532385284,68,50.15,-95.88,71.66,13.8
370,hambantota,0,LK,1532385285,100,6.12,81.12,79.58,19.51
371,deming,1,US,1532384100,13,32.27,-107.76,102.2,9.17
372,pringsewu,24,ID,1532385285,92,-5.36,104.98,72.02,2.17
373,polyarnyy,20,RU,1532383200,93,69.2,33.45,59.0,5.08
374,kilindoni,44,TZ,1532385286,92,-7.91,39.67,77.33,21.07
375,muros,75,ES,1532383200,88,42.77,-9.06,64.4,3.36
376,menomonie,75,US,1532384100,48,44.88,-91.92,84.2,9.17
377,ixtapa,75,MX,1532382540,79,20.71,-105.21,87.8,8.05
378,nadym,12,RU,1532385287,57,65.53,72.51,65.81,2.17
379,marsabit,36,KE,1532385287,62,2.34,37.99,71.03,15.59
380,qaqortoq,40,GL,1532382600,33,60.72,-46.03,62.6,3.36
381,svencionys,100,LT,1532385288,98,55.15,26.17,64.1,4.63
382,kendari,80,ID,1532385288,99,-3.99,122.52,72.47,2.39
383,hobyo,0,SO,1532385288,77,5.35,48.53,75.53,22.19
384,ocean city,75,US,1532382960,70,30.44,-86.61,89.6,4.7
385,yar-sale,64,RU,1532385289,80,66.83,70.83,55.55,4.74
386,santa rosa,0,AR,1532385291,57,-36.62,-64.29,34.04,5.19
387,bandarbeyla,32,SO,1532385291,79,9.49,50.81,76.43,31.03
388,povenets,12,RU,1532385291,90,62.85,34.83,63.29,3.29
389,arvika,0,SE,1532384400,68,59.65,12.59,66.2,6.93
390,monrovia,20,LR,1532383200,94,6.33,-10.8,75.2,4.97
391,stepnoye,75,RU,1532383200,56,51.38,46.84,68.0,8.95
392,saltabarranca,0,MX,1532385293,74,18.59,-95.53,86.6,5.53
393,tatsuno,40,JP,1532383200,78,34.87,134.51,80.6,3.36
394,arua,0,UG,1532385293,69,3.02,30.91,69.23,7.43
395,olutanga,44,PH,1532385293,100,7.31,122.85,83.45,5.41
396,coquimbo,0,CL,1532383200,81,-29.95,-71.34,51.8,10.29
397,norman wells,20,CA,1532383200,41,65.28,-126.83,78.8,12.75
398,christchurch,88,NZ,1532383200,93,-43.53,172.64,42.8,6.93
399,the valley,40,AI,1532383200,78,18.22,-63.06,82.4,14.99
400,gyor,0,HU,1532383200,60,47.68,17.64,73.4,11.41
401,seymchan,0,RU,1532385295,48,62.93,152.39,69.77,8.1
402,yumen,0,CN,1532385295,30,40.29,97.04,65.9,4.63
403,vila franca do campo,40,PT,1532383200,88,37.72,-25.43,69.8,6.93
404,kemin,8,KG,1532385296,87,42.79,75.7,48.8,2.17
405,hay river,40,CA,1532383200,55,60.82,-115.79,60.8,6.93
406,kudat,75,MY,1532379600,100,6.89,116.84,75.2,1.12
407,balabac,80,PH,1532385297,99,7.99,117.06,84.44,7.43
408,florianopolis,75,BR,1532383200,88,-27.6,-48.55,62.6,10.29
409,karratha,0,AU,1532385298,46,-20.74,116.85,59.06,4.63
410,adrar,0,DZ,1532383200,13,27.87,-0.29,100.4,6.93
411,quelimane,20,MZ,1532383200,94,-17.88,36.89,69.8,2.24
412,opuwo,0,NA,1532385299,59,-18.06,13.84,45.65,5.97
413,homestead,20,US,1532382960,88,25.47,-80.48,82.4,3.36
414,tiznit,0,MA,1532385299,95,29.7,-9.73,67.52,3.51
415,nabire,76,ID,1532385299,93,-3.36,135.5,71.48,1.72
416,aloleng,92,PH,1532385300,100,16.13,119.78,76.97,7.31
417,lansdale,75,US,1532384520,78,40.24,-75.28,82.4,10.29
418,te anau,32,NZ,1532385300,96,-45.41,167.72,37.91,3.06
419,mecca,0,SA,1532383200,23,21.43,39.83,95.0,2.84
420,tsarychanka,24,UA,1532385301,82,48.94,34.49,65.18,2.06
421,benghazi,0,LY,1532383200,13,32.12,20.07,89.6,14.99
422,souillac,0,FR,1532383200,56,45.6,-0.6,73.4,4.63
423,kattivakkam,20,IN,1532385000,66,13.22,80.32,86.0,6.93
424,voh,20,NC,1532385302,97,-20.95,164.69,70.85,11.56
425,las palmas,40,PE,1532383200,55,-6.53,-76.35,87.8,5.82
426,lae,40,PG,1532379600,83,-6.72,146.98,75.2,3.36
427,oranjemund,0,ZA,1532385304,96,-28.55,16.43,59.33,8.43
428,samarai,76,PG,1532385304,98,-10.62,150.67,78.5,16.71
429,helena,1,US,1532382780,14,46.59,-112.04,89.6,6.93
430,inongo,64,CD,1532385305,44,-1.93,18.29,81.38,5.3
431,sharjah,0,AE,1532383200,59,25.36,55.39,95.0,5.82
432,banka,92,IN,1532385305,96,24.88,86.92,76.25,7.43
433,karpathos,0,GR,1532382600,69,35.51,27.21,80.6,13.87
434,tubuala,40,PA,1532383200,88,9.52,-79.03,80.6,4.7
435,verkhnyaya inta,0,RU,1532385306,66,65.99,60.32,65.81,5.41
436,marsa matruh,0,EG,1532379600,78,31.35,27.25,78.8,6.93
437,krasnaya gora,80,RU,1532383200,93,53.01,31.6,66.2,6.71
438,mountain home,20,US,1532383080,8,43.13,-115.69,98.6,5.82
439,kirando,0,TZ,1532385307,100,-7.37,30.62,66.62,13.24
440,taitung,0,TW,1532383200,88,22.76,121.15,78.8,3.36
441,san isidro,92,PH,1532385309,100,16.74,121.63,72.92,4.07
442,rio grande,90,BR,1532382300,81,-32.03,-52.1,51.8,11.41
443,ponta do sol,0,BR,1532385310,64,-20.63,-46.0,59.15,4.85
444,waipawa,92,NZ,1532385310,95,-39.94,176.59,45.02,3.74
445,rhyl,75,GB,1532384400,82,53.32,-3.49,68.0,9.17
446,kouroussa,56,GN,1532385310,98,10.65,-9.88,71.12,2.62
447,yashan,36,CN,1532385311,86,30.81,118.02,83.63,3.74
448,mount gambier,92,AU,1532385114,98,-37.83,140.78,52.94,14.14
449,fairbanks,1,US,1532383080,30,64.84,-147.72,80.6,4.63
450,cape canaveral,1,US,1532382960,83,28.41,-80.6,82.4,5.82
451,russell,0,AR,1532383200,26,-33.01,-68.8,48.2,2.24
452,venado,0,MX,1532385313,22,22.93,-101.09,83.63,11.56
453,nyurba,80,RU,1532385313,79,63.29,118.35,56.81,2.73
454,halifax,75,CA,1532383200,94,44.65,-63.58,77.0,5.82
455,sibolga,24,ID,1532385314,99,1.74,98.78,67.97,1.83
456,zarate,90,PE,1532383200,82,-13.68,-76.08,64.4,11.41
457,nemuro,56,JP,1532385314,100,43.32,145.57,59.06,1.95
458,miram shah,88,PK,1532385315,100,33.01,70.07,71.12,0.94
459,rafsanjan,12,IR,1532385315,26,30.4,55.99,64.82,2.39
460,nuuk,40,GL,1532382600,81,64.17,-51.74,44.6,11.41
461,houston,40,US,1532382900,35,29.76,-95.37,100.4,8.05
462,champerico,40,MX,1532382480,32,16.38,-93.6,96.8,13.87
463,belen,20,TR,1532382600,74,36.49,36.19,80.6,13.87
464,tamandare,0,BR,1532383200,48,-8.28,-70.75,87.8,3.36
465,cuenca,0,ES,1532385317,53,40.07,-2.13,62.93,3.96
466,luderitz,8,NA,1532385318,76,-26.65,15.16,55.73,5.3
467,isaka,8,CD,1532385318,42,-2.81,17.72,78.05,4.52
468,weligama,36,LK,1532385318,94,5.97,80.42,78.5,17.27
469,atambua,0,ID,1532385318,100,-9.11,124.89,74.36,7.43
470,bolivar,40,US,1532382720,43,37.61,-93.41,87.8,13.87
471,matara,0,PE,1532385320,74,-13.74,-72.9,38.81,1.95
472,quibdo,75,CO,1532379600,83,5.69,-76.66,82.4,8.05
473,la asuncion,40,EC,1532379600,45,-1.64,-78.74,68.0,25.28
474,nsoko,0,ZA,1532385320,85,-27.07,31.93,47.72,4.18
475,krasnogorodsk,0,RU,1532385321,88,56.83,28.28,66.26,6.31
476,abu dhabi,0,AE,1532383200,56,24.47,54.37,93.2,6.93
477,ramshir,0,IR,1532383200,28,30.89,49.41,86.0,2.24
478,ormond beach,40,US,1532382780,94,29.29,-81.06,87.8,5.82
479,huanuco,24,PE,1532385322,73,-9.93,-76.24,47.72,2.73
480,namtsy,32,RU,1532385322,60,62.72,129.66,62.57,3.4
481,magadan,56,RU,1532383200,60,59.56,150.8,68.0,6.71
482,turukhansk,0,RU,1532385323,63,65.8,87.96,51.23,11.34
483,maniitsoq,100,GL,1532385323,87,65.42,-52.9,43.31,7.76
484,nioki,8,CD,1532385323,51,-2.72,17.69,77.33,4.63
485,mana,40,RS,1532383200,100,43.52,20.24,66.2,3.36
486,batagay-alyta,92,RU,1532385324,96,67.8,130.41,47.09,4.52
487,pimentel,8,BR,1532385324,73,-3.7,-45.5,78.05,4.29
488,cumanayagua,68,CU,1532383140,62,22.15,-80.2,91.4,10.29
489,kamaishi,92,JP,1532385325,100,39.28,141.86,68.24,3.4
490,rosiori,12,RO,1532385325,92,44.8,27.38,66.08,3.18
491,dzaoudzi,90,YT,1532383200,83,-12.79,45.27,69.8,31.09
492,abalak,32,NE,1532385326,57,15.46,6.28,82.19,9.22
493,shiyan,0,CN,1532385326,74,32.65,110.78,80.12,2.17
494,lingao,92,CN,1532385327,100,19.91,109.69,76.52,4.97
495,aklavik,20,CA,1532383200,48,68.22,-135.01,86.0,2.24
496,newberg,1,US,1532382960,26,45.3,-122.97,93.2,5.08
497,beyneu,88,KZ,1532385328,36,45.32,55.19,76.43,14.03
498,miraflores,76,CO,1532385328,86,5.2,-73.14,56.0,2.17
499,bereda,40,ES,1532385000,88,43.27,-7.54,66.2,2.24
500,baglung,20,NP,1532385329,80,28.27,83.59,57.71,2.28
501,bangassou,80,CF,1532385330,100,4.74,22.82,68.6,1.61
502,port macquarie,68,AU,1532383200,87,-31.43,152.91,46.4,2.24
503,zhengjiatun,48,CN,1532385330,86,43.51,123.51,83.09,10.67
504,altagracia de orituco,88,VE,1532385331,44,9.86,-66.38,84.8,7.2
505,qianan,36,CN,1532385331,89,44.99,124.06,81.02,7.43
506,verkhnevilyuysk,80,RU,1532385331,87,63.45,120.31,57.35,3.18
507,buraydah,0,SA,1532383200,25,26.33,43.97,89.6,8.05
508,shestakovo,0,RU,1532385332,79,56.49,103.96,54.83,3.62
509,rubizhne,24,UA,1532385332,85,49.02,38.37,64.82,1.95
510,date,75,JP,1532384160,93,42.53,140.93,62.6,1.12
511,ballina,75,IE,1532379600,87,54.11,-9.15,57.2,8.05
512,thinadhoo,92,MV,1532385333,100,0.53,72.93,78.68,21.52
513,lavrentiya,64,RU,1532385334,92,65.58,-170.99,45.92,4.85
514,san cristobal,75,EC,1532383200,55,-0.39,-78.55,62.6,17.22
515,harindanga,75,IN,1532383200,88,22.04,88.32,82.4,4.7
516,idah,92,NG,1532385335,100,7.11,6.73,72.29,6.08
517,abu samrah,0,SY,1532385335,53,35.3,37.18,74.45,9.22
518,khorinsk,0,RU,1532385336,76,52.16,109.78,63.38,3.29
519,balclutha,56,NZ,1532385337,90,-46.24,169.74,44.39,8.77
520,jinchang,0,CN,1532385337,58,38.52,102.19,60.23,3.18
521,miracema do tocantins,0,BR,1532385338,36,-9.56,-48.4,79.58,9.1
522,gravdal,92,NO,1532384400,93,59.79,5.78,62.6,6.93
523,bartica,20,GY,1532383200,78,6.41,-58.62,82.4,13.87
524,sangar,0,RU,1532385339,71,63.92,127.47,60.68,2.95
525,gizo,0,IL,1532382600,74,31.8,34.94,80.6,3.36
526,novo aripuana,92,BR,1532385339,55,-5.12,-60.38,85.88,3.29
527,tupiza,8,BO,1532385340,43,-21.44,-65.72,43.31,8.1
528,san andres,32,PH,1532385341,99,13.32,122.68,83.9,8.99
529,maragogi,92,BR,1532385341,98,-9.01,-35.22,72.56,8.32
530,kaeo,44,NZ,1532385341,84,-35.1,173.78,54.74,4.63
531,andrushivka,76,UA,1532385342,97,50.03,29.02,63.2,7.76
532,talcahuano,0,CL,1532383200,66,-36.72,-73.12,53.6,6.93
